,max_base,Tot.Area,base_call,index,pre_pentanucleotide,post_pentanucleotide,pre_trinucleotide,max_base_height,post_filter_index,normalized_height,base,height
79,C,105,C,1,NANANANANA,GATTC,NANANA,105,1,-263.69688591852315,C,105
170,G,305,G,2,NANANANAC,ATTCG,NANAC,305,2,-72.46527687775927,G,305
0,A,2,A,3,NANANACG,TTCGC,NACG,2,3,-384.1753158733279,A,2
293,T,112,T,4,NANACGA,TCGCT,CGA,112,4,-282.82676410265583,T,112
294,T,153,T,5,NACGAT,CGCTG,GAT,153,5,-250.41938276316998,T,153
80,C,377,C,6,CGATT,GCTGC,ATT,221,6,-190.95293305229708,C,221
171,G,190,G,7,GATTC,CTGCA,TTC,190,7,-230.42717616746398,G,190
81,C,348,C,8,ATTCG,TGCAT,TCG,348,8,-80.84187330609768,C,348
295,T,441,T,9,TTCGC,GCATG,CGC,432,9,-5.1967856656245885,T,432
172,G,460,G,10,TCGCT,CATGT,GCT,460,10,14.508325556527948,G,460
82,C,334,C,11,CGCTG,ATGTA,CTG,334,11,-119.7263008370665,C,334
1,A,219,A,12,GCTGC,TGTAG,TGC,219,12,-242.90042604383493,A,219
296,T,473,T,13,CTGCA,GTAGC,GCA,473,13,2.9861887387959314,T,473
173,G,713,G,14,TGCAT,TAGCT,CAT,687,14,208.93378231339926,G,687
297,T,33,T,15,GCATG,AGCTC,ATG,18,15,-468.0574065174519,T,18
2,A,521,A,16,CATGT,GCTCG,TGT,521,16,27.01286104881592,A,521
174,G,330,G,17,ATGTA,CTCGT,GTA,330,17,-171.85517618522454,G,330
83,C,524,C,18,TGTAG,TCGTT,TAG,524,18,14.338720583000338,C,524
298,T,762,T,19,GTAGC,CGTTC,AGC,749,19,231.5947901560634,T,749
84,C,692,C,20,TAGCT,GTTCA,GCT,681,20,155.91327133653783,C,681
175,G,268,G,21,AGCTC,TTCAG,CTC,268,21,-264.7055970730029,G,268
299,T,498,T,22,GCTCG,TCAGT,TCG,439,22,-101.26157626998587,T,439
300,T,582,T,23,CTCGT,CAGTA,CGT,560,23,12.245572548162274,T,560
85,C,595,C,24,TCGTT,AGTAT,GTT,589,24,33.81608818401446,C,589
3,A,592,A,25,CGTTC,GTATT,TTC,560,25,-2.549790559855865,A,560
176,G,471,G,26,GTTCA,TATTT,TCA,421,26,-148.85182488087548,G,421
301,T,530,T,27,TTCAG,ATTTT,CAG,530,27,-47.08977597647152,T,530
4,A,603,A,28,TCAGT,TTTTC,AGT,583,28,-1.2634050440706233,A,583
302,T,749,T,29,CAGTA,TTTCT,GTA,724,29,132.6275267189003,T,724
303,T,805,T,30,AGTAT,TTCTG,TAT,770,30,171.5832581150146,T,770
304,T,809,T,31,GTATT,TCTGA,ATT,773,31,167.60402794684538,T,773
305,T,768,T,32,TATTT,CTGAG,TTT,750,32,137.69007501696558,T,750
86,C,835,C,33,ATTTT,TGAGC,TTT,826,33,206.84163812794876,C,826
306,T,702,T,34,TTTTC,GAGCC,TTC,680,34,54.058956082367786,T,680
177,G,876,G,35,TTTCT,AGCCT,TCT,855,35,222.3422676827961,G,855
5,A,1226,A,36,TTCTG,GCCTG,CTG,1189,36,549.6918117318065,A,1189
178,G,399,G,37,TCTGA,CCTGA,TGA,399,37,-246.8921729680273,G,399
87,C,669,C,38,CTGAG,CTGAT,GAG,657,38,4.590552385867454,C,657
88,C,868,C,39,TGAGC,TGATG,AGC,833,39,174.14022659606402,C,833
307,T,748,T,40,GAGCC,GATGG,GCC,717,40,51.757088465135666,T,717
179,G,1089,G,41,AGCCT,ATGGA,CCT,1030,41,358.4413767956556,G,1030
6,A,927,A,42,GCCTG,TGGAT,CTG,927,42,249.1933303901968,A,927
308,T,716,T,43,CCTGA,GGATT,TGA,679,43,-4.986811948667196,T,679
180,G,1009,G,44,CTGAT,GATTT,GAT,956,44,265.90118858163646,G,956
181,G,727,G,45,TGATG,ATTTA,ATG,708,45,11.857570783680902,G,708
7,A,993,A,46,GATGG,TTTAC,TGG,991,46,288.8825734600397,A,991
309,T,812,T,47,ATGGA,TTACA,GGA,789,47,80.97643541328556,T,789
310,T,906,T,48,TGGAT,TACAG,GAT,871,48,157.13939544599202,T,871
311,T,834,T,49,GGATT,ACAGT,ATT,827,49,107.37169236073204,T,827
8,A,673,A,50,GATTT,CAGTG,TTT,670,50,-55.32643503992107,A,670
89,C,862,C,51,ATTTA,AGTGA,TTA,830,51,99.0452520466058,C,830
9,A,546,A,52,TTTAC,GTGAT,TAC,514,52,-222.51202633159372,A,514
182,G,676,G,53,TTACA,TGATC,ACA,630,53,-111.99754389950031,G,630
312,T,589,T,54,TACAG,GATCT,CAG,544,54,-203.41180251415219,T,544
183,G,1173,G,55,ACAGT,ATCTT,AGT,1155,55,402.2446959674123,G,1155
10,A,869,A,56,CAGTG,TCTTC,GTG,860,56,101.97144968815508,A,860
313,T,850,T,57,AGTGA,CTTCA,TGA,816,57,52.76795679103782,T,816
90,C,1125,C,58,GTGAT,TTCAG,GAT,1117,58,348.6337154190222,C,1117
314,T,901,T,59,TGATC,TCAGT,ATC,838,59,64.56822371507042,T,838
315,T,933,T,60,GATCT,CAGTG,TCT,878,60,99.57097982214373,T,878
91,C,903,C,61,ATCTT,AGTGG,CTT,891,61,107.64148188320404,C,891
11,A,590,A,62,TCTTC,GTGGT,TTC,557,62,-231.22077195878657,A,557
184,G,423,G,63,CTTCA,TGGTC,TCA,370,63,-423.01628356086684,G,370
316,T,653,T,64,TTCAG,GGTCT,CAG,608,64,-189.74555478007457,T,608
185,G,1567,G,65,TCAGT,GTCTG,AGT,1520,65,717.5909125265518,G,1520
186,G,714,G,66,CAGTG,TCTGG,GTG,693,66,-114.00738349802613,G,693
317,T,586,T,67,AGTGG,CTGGG,TGG,577,67,-234.54094471084613,T,577
92,C,1029,C,68,GTGGT,TGGGG,GGT,1003,68,186.989727031053,C,1003
318,T,903,T,69,TGGTC,GGGGA,GTC,826,69,5.584129870633774,T,826
187,G,1325,G,70,GGTCT,GGGAA,TCT,1292,70,467.24176195085727,G,1292
188,G,975,G,71,GTCTG,GGAAT,CTG,965,71,135.96212141468538,G,965
189,G,742,G,72,TCTGG,GAATA,TGG,715,72,-118.25529359491976,G,715
190,G,731,G,73,CTGGG,AATAA,GGG,711,73,-126.41098493499645,G,711
12,A,1139,A,74,TGGGG,ATAAC,GGG,1095,74,253.49454553741637,A,1095
13,A,1002,A,75,GGGGA,TAACG,GGA,959,75,113.46079596528149,A,959
319,T,892,T,76,GGGAA,AACGC,GAA,889,76,39.487264491560154,T,889
14,A,907,A,77,GGAAT,ACGCT,AAT,896,77,42.57344925921393,A,896
15,A,837,A,78,GAATA,CGCTG,ATA,751,78,-106.2811515887953,A,751
93,C,935,C,79,AATAA,GCTGG,TAA,894,79,32.9229600904946,C,894
191,G,718,G,80,ATAAC,CTGGT,AAC,668,80,-196.8147175599546,G,668
94,C,881,C,81,TAACG,TGGTG,ACG,863,81,-5.494686397181795,C,863
320,T,1105,T,82,AACGC,GGTGG,CGC,1025,82,152.88255172177537,T,1025
192,G,1105,G,83,ACGCT,GTGGA,GCT,1074,83,198.31649493987857,G,1074
193,G,1145,G,84,CGCTG,TGGAA,CTG,1127,84,247.80664140008946,G,1127
321,T,643,T,85,GCTGG,GGAAC,TGG,599,85,-283.64751075463033,T,599
194,G,1320,G,86,CTGGT,GAACC,GGT,1278,86,391.9535366186814,G,1278
195,G,793,G,87,TGGTG,AACCA,GTG,778,87,-111.39071833701405,G,778
16,A,1199,A,88,GGTGG,ACCAT,TGG,1187,88,294.31922252124536,A,1187
17,A,866,A,89,GTGGA,CCATG,GGA,804,89,-91.91714266357836,A,804
95,C,968,C,90,TGGAA,CATGC,GAA,936,90,36.89968425147572,C,936
96,C,1163,C,91,GGAAC,ATGCA,AAC,1114,91,211.7692014093704,C,1114
18,A,709,A,92,GAACC,TGCAC,ACC,666,92,-239.3090930469334,A,666
322,T,1103,T,93,AACCA,GCACT,CCA,1047,93,138.6642990255266,T,1047
196,G,1379,G,94,ACCAT,CACTG,CAT,1306,94,394.6888757697121,G,1306
97,C,935,C,95,CCATG,ACTGG,ATG,852,95,-62.23586467141558,C,852
19,A,677,A,96,CATGC,CTGGA,TGC,615,96,-302.11042415489396,A,615
98,C,987,C,97,ATGCA,TGGAA,GCA,958,97,38.06469546223821,C,958
323,T,1103,T,98,TGCAC,GGAAT,CAC,1029,98,106.28899232294305,T,1029
197,G,1604,G,99,GCACT,GAATG,ACT,1567,99,641.5619645701818,G,1567
198,G,587,G,100,CACTG,AATGA,CTG,551,100,-377.11688965308304,G,551
20,A,1063,A,101,ACTGG,ATGAC,TGG,1043,101,112.2519277961096,A,1043
21,A,769,A,102,CTGGA,TGACA,GGA,729,102,-204.33208493927802,A,729
324,T,1040,T,103,TGGAA,GACAC,GAA,1006,103,70.17369068059327,T,1006
199,G,1497,G,104,GGAAT,ACACA,AAT,1427,104,488.8100727590288,G,1427
22,A,1195,A,105,GAATG,CACAC,ATG,1140,105,199.57385878418842,A,1140
99,C,1046,C,106,AATGA,ACACG,TGA,991,106,48.461846244232454,C,991
23,A,711,A,107,ATGAC,CACGC,GAC,663,107,-281.529167372679,A,663
100,C,1057,C,108,TGACA,ACGCC,ACA,1037,108,90.5976154216138,C,1037
24,A,773,A,109,GACAC,CGCCC,CAC,709,109,-239.1610078847289,A,709
101,C,948,C,110,ACACA,GCCCG,ACA,928,110,-21.808239803546254,C,928
200,G,675,G,111,CACAC,CCCGG,CAC,621,111,-330.34728284667926,G,621
102,C,984,C,112,ACACG,CCGGC,ACG,962,112,9.218660474032845,C,962
103,C,1032,C,113,CACGC,CGGCA,CGC,1000,113,45.88638764674989,C,1000
104,C,1121,C,114,ACGCC,GGCAC,GCC,1095,114,139.6526961596319,C,1095
201,G,889,G,115,CGCCC,GCACA,CCC,848,115,-108.48561649916051,G,848
202,G,1204,G,116,GCCCG,CACAT,CCG,1133,116,175.4682471585321,G,1133
105,C,615,C,117,CCCGG,ACATT,CGG,588,117,-370.4889153791297,C,588
25,A,747,A,118,CCGGC,CATTT,GGC,681,118,-278.360306623986,A,681
106,C,956,C,119,CGGCA,ATTTC,GCA,907,119,-53.149129087876645,C,907
26,A,889,A,120,GGCAC,TTTCA,CAC,833,120,-127.85858528264144,A,833
325,T,1221,T,121,GCACA,TTCAG,ACA,1183,121,221.50812227987944,T,1183
326,T,1155,T,122,CACAT,TCAGG,CAT,1115,122,152.94779108784618,T,1115
327,T,1029,T,123,ACATT,CAGGA,ATT,994,123,31.457218629419344,T,994
107,C,1001,C,124,CATTT,AGGAT,TTT,968,124,5.033202392758426,C,968
27,A,761,A,125,ATTTC,GGATA,TTC,690,125,-273.3274601339764,A,690
203,G,421,G,126,TTTCA,GATAC,TCA,369,126,-594.6279714626245,G,369
204,G,1552,G,127,TTCAG,ATACT,CAG,1497,127,533.1284658949737,G,1497
28,A,1417,A,128,TCAGG,TACTA,AGG,1372,128,407.9386494269784,A,1372
328,T,935,T,129,CAGGA,ACTAA,GGA,846,129,-118.20062337845025,T,846
29,A,992,A,130,AGGAT,CTAAA,GAT,958,130,-6.2925550331522135,A,958
108,C,992,C,131,GGATA,TAAAA,ATA,947,131,-17.340348048966913,C,947
329,T,951,T,132,GATAC,AAAAG,TAC,900,132,-64.34720493773511,T,900
30,A,852,A,133,ATACT,AAAGT,ACT,814,133,-150.31632821129597,A,814
31,A,716,A,134,TACTA,AAGTG,CTA,678,134,-286.25092038148966,A,678
32,A,692,A,135,ACTAA,AGTGG,TAA,661,135,-303.15418396015605,A,661
33,A,748,A,136,CTAAA,GTGGT,AAA,727,136,-237.02932145913516,A,727
205,G,691,G,137,TAAAA,TGGTT,AAA,662,137,-301.87953539026694,G,662
330,T,829,T,138,AAAAG,GGTTT,AAG,760,138,-203.70802826539088,T,760
206,G,1559,G,139,AAAGT,GTTTT,AGT,1511,139,547.4819974036528,G,1511
207,G,881,G,140,AAGTG,TTTTA,GTG,845,140,-118.31266089497568,G,845
331,T,719,T,141,AGTGG,TTTAA,TGG,690,141,-273.09520567311654,T,690
332,T,1099,T,142,GTGGT,TTAAG,GGT,1063,142,100.131160557391,T,1063
333,T,998,T,143,TGGTT,TAAGG,GTT,972,143,9.363235284706434,T,972
334,T,965,T,144,GGTTT,AAGGG,TTT,933,144,-29.40218400301001,T,933
34,A,814,A,145,GTTTT,AGGGA,TTT,773,145,-189.16829981759804,A,773
35,A,825,A,146,TTTTA,GGGAG,TTA,787,146,-174.93831467089782,A,787
208,G,584,G,147,TTTAA,GGAGG,TAA,536,147,-425.7154310747489,G,536
209,G,1557,G,148,TTAAG,GAGGC,AAG,1511,148,549.4971484590085,G,1511
210,G,733,G,149,TAAGG,AGGCT,AGG,699,149,-262.3037785814653,G,699
36,A,1203,A,150,AAGGG,GGCTG,GGG,1175,150,213.8785852919896,A,1175
211,G,645,G,151,AGGGA,GCTGT,GGA,615,151,-345.95896243246654,G,615
212,G,1317,G,152,GGGAG,CTGTG,GAG,1259,152,298.1803757333264,G,1259
109,C,799,C,153,GGAGG,TGTGG,AGG,753,153,-207.70660272247162,C,753
335,T,1153,T,154,GAGGC,GTGGC,GGC,1097,154,136.41988769636896,T,1097
213,G,1528,G,155,AGGCT,TGGCT,GCT,1498,155,537.6009251954987,G,1498
336,T,757,T,156,GGCTG,GGCTG,CTG,717,156,-243.16475367279145,T,717
214,G,1199,G,157,GCTGT,GCTGA,TGT,1154,157,194.12158764379106,G,1154
215,G,852,G,158,CTGTG,CTGAA,GTG,812,158,-147.54131430246275,G,812
110,C,699,C,159,TGTGG,TGAAT,TGG,661,159,-298.1547229592611,C,661
337,T,1132,T,160,GTGGC,GAATG,GGC,1081,160,122.28009822568742,T,1081
216,G,1133,G,161,TGGCT,AATGC,GCT,1084,161,125.76188580467476,G,1084
37,A,1468,A,162,GGCTG,ATGCC,CTG,1435,162,477.2893763299922,A,1435
38,A,646,A,163,GCTGA,TGCCT,TGA,579,163,-378.1386936460685,A,579
338,T,1122,T,164,CTGAA,GCCTC,GAA,1046,164,89.47641242878433,T,1046
217,G,1708,G,165,TGAAT,CCTCA,AAT,1641,165,685.133431106842,G,1641
111,C,987,C,166,GAATG,CTCAT,ATG,927,166,-28.168901059603513,C,927
112,C,1099,C,167,AATGC,TCATG,TGC,1032,167,77.56815248173905,C,1032
339,T,963,T,168,ATGCC,CATGG,GCC,934,168,-19.65667171683833,T,934
113,C,1111,C,169,TGCCT,ATGGA,CCT,1079,169,126.15536289695558,C,1079
39,A,759,A,170,GCCTC,TGGAT,CTC,677,170,-274.9970071245874,A,677
340,T,946,T,171,CCTCA,GGATT,TCA,882,171,-69.11504522917562,T,882
218,G,1582,G,172,CTCAT,GATTC,CAT,1497,172,546.7999851354824,G,1497
219,G,743,G,173,TCATG,ATTCT,ATG,696,173,-253.25317947832195,G,696
40,A,1210,A,174,CATGG,TTCTT,TGG,1155,174,206.7241974817034,A,1155
341,T,1014,T,175,ATGGA,TCTTA,GGA,973,175,25.730852567849865,T,973
342,T,1058,T,176,TGGAT,CTTAC,GAT,1001,176,54.765522332408636,T,1001
114,C,1296,C,177,GGATT,TTACA,ATT,1277,177,331.8269433276722,C,1277
343,T,887,T,178,GATTC,TACAG,TTC,833,178,-111.0861478940685,T,833
344,T,1083,T,179,ATTCT,ACAGC,TCT,1025,179,82.02498521947804,T,1025
41,A,1019,A,180,TTCTT,CAGCT,CTT,966,180,24.15907922060376,A,966
115,C,976,C,181,TCTTA,AGCTT,TTA,911,181,-29.685129338399747,C,911
42,A,605,A,182,CTTAC,GCTTG,TAC,561,182,-378.5089039052407,A,561
220,G,613,G,183,TTACA,CTTGG,ACA,569,183,-369.31350792762817,G,569
116,C,806,C,184,TACAG,TTGGA,CAG,751,184,-186.10020485326984,C,751
345,T,1122,T,185,ACAGC,TGGAT,AGC,1071,185,135.1297418701256,T,1071
346,T,924,T,186,CAGCT,GGATG,GCT,873,186,-61.624931205150354,T,873
221,G,1626,G,187,AGCTT,GATGT,CTT,1565,187,631.6345124731939,G,1565
222,G,490,G,188,GCTTG,ATGTC,TTG,439,188,-493.0931905425499,G,439
43,A,1266,A,189,CTTGG,TGTCC,TGG,1236,189,305.1906962999098,A,1236
347,T,991,T,190,TTGGA,GTCCA,GGA,944,190,14.48490955286502,T,944
223,G,1381,G,191,TGGAT,TCCAT,GAT,1302,191,373.7881857686067,G,1302
348,T,842,T,192,GGATG,CCATG,ATG,779,192,-147.9007385005734,T,779
117,C,885,C,193,GATGT,CATGG,TGT,842,193,-83.58312670238331,C,842
118,C,944,C,194,ATGTC,ATGGG,GTC,892,194,-32.26024228453184,C,892
44,A,670,A,195,TGTCC,TGGGG,TCC,619,195,-303.93334869472716,A,619
349,T,1004,T,196,GTCCA,GGGGG,CCA,947,196,25.39629061932237,T,947
224,G,1419,G,197,TCCAT,GGGGA,CAT,1373,197,452.727412209908,G,1373
225,G,851,G,198,CCATG,GGGAC,ATG,811,198,-107.9412473706783,G,811
226,G,623,G,199,CATGG,GGACG,TGG,595,199,-322.6109515701448,G,595
227,G,871,G,200,ATGGG,GACGA,GGG,830,200,-86.28296383620035,G,830
228,G,849,G,201,TGGGG,ACGAA,GGG,797,201,-117.95854761655336,G,797
45,A,1595,A,202,GGGGG,CGAAG,GGG,1545,202,631.3610336410884,A,1545
119,C,873,C,203,GGGGA,GAAGG,GGA,826,203,-86.32548351098399,C,826
229,G,584,G,204,GGGAC,AAGGA,GAC,496,204,-415.0193625204788,G,496
46,A,1284,A,205,GGACG,AGGAC,ACG,1256,205,346.30894438482017,A,1256
47,A,806,A,206,GACGA,GGACT,CGA,772,206,-136.31113185672086,A,772
230,G,451,G,207,ACGAA,GACTG,GAA,418,207,-488.8810299435853,G,418
231,G,1337,G,208,CGAAG,ACTGC,AAG,1262,208,356.5978114257437,G,1262
48,A,1275,A,209,GAAGG,CTGCA,AGG,1219,209,315.1239535527825,A,1219
120,C,878,C,210,AAGGA,TGCAG,GGA,798,210,-104.30404226095243,C,798
350,T,1046,T,211,AGGAC,GCAGC,GAC,959,211,58.31238528605582,T,959
232,G,1364,G,212,GGACT,CAGCT,ACT,1279,212,379.97179749532387,G,1279
121,C,838,C,213,GACTG,AGCTG,CTG,776,213,-121.32724433163195,C,776
49,A,596,A,214,ACTGC,GCTGG,TGC,535,214,-360.58617889329486,A,535
233,G,435,G,215,CTGCA,CTGGC,GCA,390,215,-503.8064448881482,G,390
122,C,773,C,216,TGCAG,TGGCT,CAG,722,216,-169.98948101467545,C,722
351,T,1045,T,217,GCAGC,GGCTG,AGC,988,217,97.86327402864016,T,988
234,G,1246,G,218,CAGCT,GCTGA,GCT,1177,218,288.7503815433148,G,1177
235,G,1019,G,219,AGCTG,CTGAG,CTG,960,219,73.67040283086567,G,960
123,C,589,C,220,GCTGG,TGAGA,TGG,536,220,-348.3781008071912,C,536
352,T,1052,T,221,CTGGC,GAGAG,GGC,1004,221,121.60343193066136,T,1004
236,G,942,G,222,TGGCT,AGAGG,GCT,866,222,-14.386437654060273,G,866
50,A,1315,A,223,GGCTG,GAGGG,CTG,1278,223,399.6508517401603,A,1278
237,G,346,G,224,GCTGA,AGGGT,TGA,326,224,-550.2861385851603,G,326
51,A,1194,A,225,CTGAG,GGGTT,GAG,1172,225,297.80115267149506,A,1172
238,G,624,G,226,TGAGA,GGTTG,AGA,595,226,-277.0887131883574,G,595
239,G,1104,G,227,GAGAG,GTTGA,GAG,1042,227,172.04282513679854,G,1042
240,G,792,G,228,AGAGG,TTGAG,AGG,748,228,-119.80567105151955,G,748
353,T,683,T,229,GAGGG,TGAGA,GGG,638,229,-227.63564045179578,T,638
354,T,774,T,230,AGGGT,GAGAT,GGT,738,230,-125.44852176251345,T,738
241,G,910,G,231,GGGTT,AGATC,GTT,851,231,-10.245753682155737,G,851
52,A,1301,A,232,GGTTG,GATCT,TTG,1282,232,422.9712250907936,A,1282
242,G,527,G,233,GTTGA,ATCTC,TGA,506,233,-350.7990241421483,G,506
53,A,1405,A,234,TTGAG,TCTCT,GAG,1370,234,515.4420599205347,A,1370
355,T,960,T,235,TGAGA,CTCTG,AGA,913,235,60.693038580359605,T,913
124,C,984,C,236,GAGAT,TCTGT,GAT,932,236,81.95247313884259,C,932
356,T,809,T,237,AGATC,CTGTT,ATC,783,237,-64.78107510249924,T,783
125,C,933,C,238,GATCT,TGTTT,TCT,923,238,77.49095515785007,C,923
357,T,826,T,239,ATCTC,GTTTA,CTC,774,239,-69.23287477859219,T,774
243,G,1250,G,240,TCTCT,TTTAC,TCT,1192,240,351.0459963896901,G,1192
358,T,740,T,241,CTCTG,TTACT,CTG,692,241,-146.6738700357862,T,692
359,T,865,T,242,TCTGT,TACTT,TGT,850,242,13.60608724649569,T,850
360,T,798,T,243,CTGTT,ACTTA,GTT,769,243,-65.11557046194821,T,769
54,A,858,A,244,TGTTT,CTTAG,TTT,813,244,-18.840281859600736,A,813
126,C,843,C,245,GTTTA,TTAGA,TTA,790,245,-39.56948564494541,C,790
361,T,915,T,246,TTTAC,TAGAT,TAC,870,246,42.695379483534225,T,870
362,T,901,T,247,TTACT,AGATC,ACT,857,247,31.952874827355004,T,857
55,A,753,A,248,TACTT,GATCT,CTT,724,248,-98.79843831196683,A,724
244,G,294,G,249,ACTTA,ATCTC,TTA,259,249,-561.5599986329142,G,259
56,A,1050,A,250,CTTAG,TCTCT,TAG,1005,250,186.66675516602902,A,1005
363,T,960,T,251,TTAGA,CTCTG,AGA,903,251,86.88038438637989,T,903
127,C,916,C,252,TAGAT,TCTGC,GAT,885,252,71.07945032965448,C,885
364,T,831,T,253,AGATC,CTGCC,ATC,802,253,-9.737485702629783,T,802
128,C,921,C,254,GATCT,TGCCA,TCT,914,254,104.42813759104295,C,914
365,T,858,T,255,ATCTC,GCCAA,CTC,800,255,-7.425118487810322,T,800
245,G,1049,G,256,TCTCT,CCAAC,TCT,971,256,165.72913489472396,G,971
129,C,738,C,257,CTCTG,CAACT,CTG,684,257,-119.08271417232844,C,684
130,C,817,C,258,TCTGC,AACTT,TGC,766,258,-34.862105504783806,C,766
57,A,523,A,259,CTGCC,ACTTC,GCC,487,259,-311.6104789184572,A,487
58,A,620,A,260,TGCCA,CTTCC,CCA,590,260,-206.3292742291646,A,590
131,C,756,C,261,GCCAA,TTCCT,CAA,715,261,-79.01993125272202,C,715
366,T,1047,T,262,CCAAC,TCCTT,AAC,1003,262,211.31611019505502,T,1003
367,T,907,T,263,CAACT,CCTTT,ACT,871,263,81.67741029835076,T,871
132,C,876,C,264,AACTT,CTTTG,CTT,852,264,65.06252924134935,C,852
133,C,791,C,265,ACTTC,TTTGG,TTC,742,265,-42.52997279176486,C,742
368,T,838,T,266,CTTCC,TTGGG,TCC,802,266,19.89846438319228,T,802
369,T,923,T,267,TTCCT,TGGGT,CCT,887,267,107.34640095040515,T,887
370,T,879,T,268,TCCTT,GGGTC,CTT,845,268,67.81239709405793,T,845
246,G,1115,G,269,CCTTT,GGTCT,TTT,1073,269,298.29501299833487,G,1073
247,G,650,G,270,CTTTG,GTCTC,TTG,623,270,-149.20719115257964,G,623
248,G,647,G,271,TTTGG,TCTCC,TGG,614,271,-155.69565517450178,G,614
371,T,670,T,272,TTGGG,CTCCC,GGG,628,272,-139.17181888324683,T,628
134,C,885,C,273,TGGGT,TCCCT,GGT,860,273,95.36287790536949,C,860
372,T,767,T,274,GGGTC,CCCTA,GTC,722,274,-40.09300462446913,T,722
135,C,846,C,275,GGTCT,CCTAT,TCT,827,275,67.45909371142204,C,827
136,C,837,C,276,GTCTC,CTATG,CTC,793,276,36.01773309722739,C,793
137,C,802,C,277,TCTCC,TATGG,TCC,768,277,13.581473717130846,C,768
373,T,753,T,278,CTCCC,ATGGA,CCC,713,278,-38.851124244683426,T,713
59,A,808,A,279,TCCCT,TGGAA,CCT,751,279,1.7184993959691608,A,751
374,T,742,T,280,CCCTA,GGAAT,CTA,694,280,-52.71109517672744,T,694
249,G,904,G,281,CCTAT,GAATG,TAT,859,281,114.85865222141115,G,859
250,G,563,G,282,CTATG,AATGT,ATG,531,282,-210.5736982254307,G,531
60,A,752,A,283,TATGG,ATGTA,TGG,729,283,-10.00958633306891,A,729
61,A,733,A,284,ATGGA,TGTAA,GGA,688,284,-48.450451917319135,A,688
375,T,740,T,285,TGGAA,GTAAG,GAA,683,285,-50.897734793997294,T,683
251,G,1324,G,286,GGAAT,TAAGA,AAT,1263,286,531.6471252210812,G,1263
376,T,533,T,287,GAATG,AAGAC,ATG,484,287,-244.81731168789972,T,484
62,A,573,A,288,AATGT,AGACC,TGT,541,288,-185.29248533675568,A,541
63,A,524,A,289,ATGTA,GACCC,GTA,508,289,-215.77983554130253,A,508
252,G,435,G,290,TGTAA,ACCCC,TAA,389,290,-332.280802117356,G,389
64,A,1410,A,291,GTAAG,CCCCG,AAG,1383,291,664.2031751192684,A,1383
138,C,684,C,292,TAAGA,CCCGA,AGA,621,292,-95.3293436472452,C,621
139,C,804,C,293,AAGAC,CCGAC,GAC,746,293,32.12020176728754,C,746
140,C,728,C,294,AGACC,CGACT,ACC,680,294,-31.449628452949586,C,680
141,C,808,C,295,GACCC,GACTC,CCC,783,295,73.95972587622829,C,783
253,G,520,G,296,ACCCC,ACTCT,CCC,458,296,-248.6531750609949,G,458
65,A,936,A,297,CCCCG,CTCTT,CCG,901,297,196.71022891956486,A,901
142,C,682,C,298,CCCGA,TCTTC,CGA,644,298,-57.95150199790771,C,644
377,T,852,T,299,CCGAC,CTTCC,GAC,803,299,103.36019237077141,T,803
143,C,1034,C,300,CGACT,TTCCT,ACT,1013,300,315.6438722097865,C,1013
378,T,771,T,301,GACTC,TCCTG,CTC,723,301,27.89809770332181,T,723
379,T,816,T,302,ACTCT,CCTGG,TCT,773,302,80.12142903556163,T,773
144,C,806,C,303,CTCTT,CTGGT,CTT,782,303,91.31242639069012,C,782
145,C,667,C,304,TCTTC,TGGTG,TTC,628,304,-60.5303500471084,C,628
380,T,667,T,305,CTTCC,GGTGA,TCC,632,305,-54.40834009364971,T,632
254,G,1245,G,306,TTCCT,GTGAA,CCT,1181,306,496.6770164352506,G,1181
255,G,797,G,307,TCCTG,TGAAG,CTG,762,307,79.74433300956628,G,762
381,T,422,T,308,CCTGG,GAAGC,TGG,410,308,-270.1869720830433,T,410
256,G,768,G,309,CTGGT,AAGCA,GGT,719,309,40.882868568133404,G,719
66,A,821,A,310,TGGTG,AGCAT,GTG,792,310,115.95362237380891,A,792
67,A,688,A,311,GGTGA,GCATC,TGA,658,311,-15.974943255305448,A,658
257,G,377,G,312,GTGAA,CATCT,GAA,341,312,-330.9030609084973,G,341
146,C,605,C,313,TGAAG,ATCTG,AAG,578,313,-91.830963175055,C,578
68,A,561,A,314,GAAGC,TCTGA,AGC,525,314,-142.75888264426624,A,525
382,T,708,T,315,AAGCA,CTGAT,GCA,668,315,2.3129480945805203,T,668
147,C,718,C,316,AGCAT,TGATG,CAT,683,316,19.38429645219765,C,683
383,T,609,T,317,GCATC,GATGC,ATC,559,317,-102.54507016070328,T,559
258,G,837,G,318,CATCT,ATGCA,TCT,795,318,135.5246156665895,G,795
69,A,915,A,319,ATCTG,TGCAC,CTG,878,319,220.5931213447885,A,878
384,T,635,T,320,TCTGA,GCACG,TGA,587,320,-68.33978571539467,T,587
259,G,891,G,321,CTGAT,CACGT,GAT,843,321,189.7256618967521,G,843
148,C,580,C,322,TGATG,ACGTT,ATG,543,322,-108.21076840805985,C,543
70,A,473,A,323,GATGC,CGTTC,TGC,444,323,-205.14930921911773,A,444
149,C,567,C,324,ATGCA,GTTCC,GCA,537,324,-110.09019312570992,C,537
260,G,532,G,325,TGCAC,TTCCA,CAC,484,325,-161.03365271712468,G,484
385,T,629,T,326,GCACG,TCCAT,ACG,592,326,-50.979920582650145,T,592
386,T,604,T,327,CACGT,CCATC,CGT,568,327,-72.92922931157398,T,568
150,C,664,C,328,ACGTT,CATCC,GTT,634,328,-4.881811493184387,C,634
151,C,642,C,329,CGTTC,ATCCG,TTC,612,329,-24.837899716769694,C,612
71,A,490,A,330,GTTCC,TCCGG,TCC,455,330,-179.79772657161743,A,455
387,T,675,T,331,TTCCA,CCGGC,CCA,652,331,19.238475352983986,T,652
152,C,691,C,332,TCCAT,CGGCG,CAT,676,332,45.27047346774634,C,676
153,C,627,C,333,CCATC,GGCGC,ATC,589,333,-39.7019648166181,C,589
261,G,492,G,334,CATCC,GCGCT,TCC,466,334,-160.67907208939766,G,466
262,G,706,G,335,ATCCG,CGCTC,CCG,674,335,49.338919060119906,G,674
154,C,411,C,336,TCCGG,GCTCA,CGG,385,336,-237.64822395735385,C,385
263,G,554,G,337,CCGGC,CTCAG,GGC,531,337,-89.6407337311067,G,531
155,C,627,C,338,CGGCG,TCAGC,GCG,603,338,-15.638842850426727,C,603
388,T,708,T,339,GGCGC,CAGCT,CGC,678,339,61.35721609539804,T,678
156,C,702,C,340,GCGCT,AGCTG,GCT,675,340,60.34721051707914,C,675
72,A,516,A,341,CGCTC,GCTGG,CTC,482,341,-130.66909217467094,A,482
264,G,260,G,342,GCTCA,CTGGG,TCA,228,342,-382.6919245691407,G,228
157,C,481,C,343,CTCAG,TGGGC,CAG,460,343,-148.72151925561786,C,460
389,T,733,T,344,TCAGC,GGGCT,AGC,697,344,90.24189117660944,T,697
265,G,790,G,345,CAGCT,GGCTT,GCT,753,345,148.19807413825276,G,753
266,G,714,G,346,AGCTG,GCTTG,CTG,686,346,83.14679704002481,G,686
267,G,438,G,347,GCTGG,CTTGA,TGG,420,347,-180.9121727073633,G,420
158,C,516,C,348,CTGGG,TTGAG,GGG,480,348,-118.97906769319911,C,480
390,T,690,T,349,TGGGC,TGAGG,GGC,661,349,63.94587949322909,T,661
391,T,581,T,350,GGGCT,GAGGT,GCT,560,350,-35.13756373736669,T,560
268,G,809,G,351,GGCTT,AGGTG,CTT,779,351,185.77037002572547,G,779
73,A,596,A,352,GCTTG,GGTGA,TTG,574,352,-17.330551806782296,A,574
269,G,346,G,353,CTTGA,GTGAG,TGA,328,353,-261.4405618241783,G,328
270,G,725,G,354,TTGAG,TGAGG,GAG,690,354,102.44010738424923,G,690
392,T,422,T,355,TGAGG,GAGGC,AGG,398,355,-187.68877677078706,T,398
271,G,755,G,356,GAGGT,AGGCT,GGT,720,356,136.1725531214239,G,720
74,A,649,A,357,AGGTG,GGCTG,GTG,625,357,43.023864471594614,A,625
272,G,418,G,358,GGTGA,GCTGT,TGA,398,358,-182.1342842725992,G,398
273,G,776,G,359,GTGAG,CTGTC,GAG,741,359,162.69888380054874,G,741
159,C,441,C,360,TGAGG,TGTCC,AGG,416,360,-160.4765362022043,C,416
393,T,690,T,361,GAGGC,GTCCT,GGC,661,361,86.339550825899,T,661
274,G,825,G,362,AGGCT,TCCTG,GCT,794,362,221.14723999161598,G,794
394,T,460,T,363,GGCTG,CCTGG,CTG,428,363,-143.05337359829616,T,428
160,C,571,C,364,GCTGT,CTGGC,TGT,546,364,-23.26219483708019,C,546
161,C,591,C,365,CTGTC,TGGCT,GTC,564,365,-3.479128617978631,C,564
395,T,589,T,366,TGTCC,GGCTG,TCC,556,366,-9.704079834233994,T,556
275,G,1027,G,367,GTCCT,GCTGG,CCT,986,367,422.0630466209103,G,986
276,G,478,G,368,TCCTG,CTGGT,CTG,462,368,-100.17765414578764,G,462
162,C,387,C,369,CCTGG,TGGTC,TGG,358,369,-202.42608702757093,C,358
396,T,629,T,370,CTGGC,GGTCA,GGC,606,370,47.31784308231785,T,606
277,G,907,G,371,TGGCT,GTCAC,GCT,869,371,312.05423129063604,G,869
278,G,651,G,372,GGCTG,TCACG,CTG,626,372,70.78317270414072,G,626
397,T,361,T,373,GCTGG,CACGG,TGG,338,373,-215.49523757041072,T,338
163,C,564,C,374,CTGGT,ACGGA,GGT,542,374,-9.780904426260918,C,542
75,A,363,A,375,TGGTC,CGGAG,GTC,338,375,-212.07373275665242,A,338
164,C,505,C,376,GGTCA,GGAGG,TCA,481,376,-67.37362745482801,C,481
279,G,397,G,377,GTCAC,GAGGG,CAC,373,377,-173.68049341403062,G,373
280,G,484,G,378,TCACG,AGGGT,ACG,466,378,-78.99423552750272,G,466
76,A,637,A,379,CACGG,GGGTT,CGG,627,379,83.68524131151287,A,627
281,G,307,G,380,ACGGA,GGTTC,GGA,291,380,-250.64196779022643,G,291
282,G,672,G,381,CGGAG,GTTCA,GAG,646,381,106.02423227403654,G,646
283,G,562,G,382,GGAGG,TTCAC,AGG,546,382,7.683936611059266,G,546
398,T,392,T,383,GAGGG,TCACT,GGG,373,383,-163.66275967240108,T,373
399,T,528,T,384,AGGGT,CACTG,GGT,510,384,-25.015761469587122,T,510
165,C,569,C,385,GGGTT,ACTGG,GTT,539,385,5.625026326258193,C,539
77,A,418,A,386,GGTTC,CTGGG,TTC,383,386,-148.74030117810761,A,383
166,C,485,C,387,GTTCA,TGGGA,TCA,466,387,-64.11164887592702,C,466
400,T,610,T,388,TTCAC,GGGAT,CAC,581,388,52.511078339556896,T,581
284,G,970,G,389,TCACT,GGATG,ACT,936,389,409.12797557510146,G,936
285,G,428,G,390,CACTG,GATGT,CTG,411,390,-114.26086206253581,G,411
286,G,367,G,391,ACTGG,ATGTG,TGG,343,391,-180.65533946659764,G,343
78,A,696,A,392,CTGGG,TGTGG,GGG,667,392,144.94463846967312,A,667
401,T,575,T,393,TGGGA,GTGGC,GGA,544,393,23.539166853033862,T,544
287,G,729,G,394,GGGAT,TGGCT,GAT,706,394,187.12834079024174,G,706
402,T,435,T,395,GGATG,GGCTG,ATG,410,395,-107.28774461194551,T,410
288,G,665,G,396,GATGT,GCTGG,TGT,650,396,134.29100575322892,G,650
289,G,426,G,397,ATGTG,CTGGT,GTG,395,397,-119.1353130074775,G,395
167,C,367,C,398,TGTGG,TGGTG,TGG,334,398,-178.56660578730748,C,334
403,T,627,T,399,GTGGC,GGTGT,GGC,594,399,82.99722252049645,T,594
290,G,807,G,400,TGGCT,GTGTT,GCT,790,400,280.55626702269143,G,790
291,G,722,G,401,GGCTG,TGTTC,CTG,684,401,176.11062282603473,G,684
404,T,350,T,402,GCTGG,GTTCT,TGG,323,402,-183.3396149627163,T,323
292,G,873,G,403,CTGGT,TTCTC,GGT,841,403,336.2056487631957,G,841
405,T,482,T,404,TGGTG,TCTCA,GTG,456,404,-47.25349088947211,T,456
406,T,542,T,405,GGTGT,CTCAA,TGT,509,405,7.2830611860377985,T,509
168,C,595,C,406,GTGTT,TCAAC,GTT,581,406,80.81540009648249,C,581
407,T,509,T,407,TGTTC,CAACG,TTC,485,407,-13.656379051380556,T,485
169,C,617,C,408,GTTCT,AACGG,TCT,594,408,96.86781884920588,C,594
